{
  "indexes": [
    {
      "collectionGroup": "swaps",
      "queryScope": "COLLECTION",
      "fields": [
        { "fieldPath": "status", "order": "ASCENDING" },
        { "fieldPath": "createdAt", "order": "DESCENDING" }
      ]
    },
    {
      "collectionGroup": "swaps",
      "queryScope": "COLLECTION",
      "fields": [
        { "fieldPath": "assignedTo", "order": "ASCENDING" },
        { "fieldPath": "createdAt", "order": "DESCENDING" }
      ]
    },
    {
      "collectionGroup": "devices",
      "queryScope": "COLLECTION",
      "fields": [
        { "fieldPath": "email", "order": "ASCENDING" }
      ]
    }
  ],
  "fieldOverrides": []
}
